Date,Streamer,Time,Title,Tag
12/28,アステル・レダ,17:01,【歌ってみた】ガランド / アステル feat.荒咬オウガ,sing
12/28,大神ミオ,19:05,【急に】大神ミオ、年納め歌枠！【歌います】,sing
12/28,鷹嶺ルイ,19:59,【singing】冬の歌やバラードが多め／KARAOKE【鷹嶺ルイ/ホロライブ】,sing
12/28,天音かなた,21:00,私へ　天音かなた(cover),cover
12/29,角巻わため,20:59,【 #角巻わため2周年ライブ 】角巻わため 2nd Anniversary Live Fever!!🌟【ホロライブ４期生】,live
12/30,夏色まつり,01:57,【歌枠】今年最後のうたわく！！【ホロライブ/夏色まつり】,sing
12/30,沙花叉クロヱ,12:00,【singing】リクエストありがとう歌枠【沙花叉クロヱ/ホロライブ】,sing
12/30,鷹嶺ルイ,18:30,ラブカ？ / 鷹嶺ルイ(cover),cover
12/30,律可,19:59,【弾き語り枠】２０２１年ありがとうの歌【律可/ホロスターズ】#りつすた,sing
12/30,癒月ちょこ,20:01,【スバちょこルーナ】BAN回避できるか！ぎりちょこ企画⚡【ホロライブ/癒月ちょこ/大空スバル/姫森ルーナ】,collab
12/30,宝鐘マリン,21:01,【#ぺこマリ1ブロック】最終回！来年もぺこマリあるよな？ぺこら…【ホロライブ/宝鐘マリン・兎田ぺこら】,collab
12/30,さくらみこ,23:01,【 忘年会 】今年最後に振り返り忘年会開催だにぇ～！呑むぞ、話すぞ、歌うぞ。【ホロライブ/さくらみこ】,sing
12/31,博衣こより,16:01,【Singing】独り紅白歌合戦！！審査員は画面の前のキミ！！ #こより独り紅白 【博衣こより/ホロライブ】,sing
12/31,ホロライブ,17:58,年末ホロライブ　～ゆくホロくるホロ2021～【#ゆくホロくるホロ2021】,collab
12/31,鷹嶺ルイ,18:00,【singing】ラブカ？の制作裏話をしながら歌い納め！／KARAOKE【鷹嶺ルイ/ホロライブ】,sing
12/31,アステル・レダ,19:34,『karaoke_歌枠』2021年最後の歌枠!! 18万人行くまで歌い続けろ!! /  アステル・レダ,sing
01/01,Mumei,07:31,【UNARCHIVED】 New Years Karaoke! #HoloENNYRelay,unarchive
01/01,Fauna,08:30,【UNARCHIVED KARAOKE】 New Years RELAY 🎊 HAPPY 2022 #HoloENNYRelay,unarchive
01/01,Moona,11:00,【#MoonUtau】I'm gonna sing with MYSELF. DUET IKZ【Unarchive PART 2】,unarchive
01/01,IRyS,11:30,【UNARCHIVED】Happy New YeaRyS Karaoke!!,unarchive
01/01,Calli,12:30,【KARAOKE RELAY】New Years Karaoke! (UNARCHIVED),unarchive
01/01,Gura,14:30,[UNARCHIVED] Karaoke Relay!,unarchive
01/01,Amelia,13:31,【Karaoke RELAY】SING TILL IT COUNTDOWN #HoloENNYRelay (unarchived),unarchive
01/01,Ollie,20:30,【UNARCHIVE (?) KARAOKE】LET'S WELCOME 2022 WITH SOME SONGS!!【Hololive Indonesia 2nd Gen】,unarchive
01/01,Kiara,04:31,【KARAOKE】NEW YEARS PARTYYYYYYYYYYYY #HoloENNYRelay,sing
01/01,Ina,09:30,【Karaoke】 Ina Ina Inaaaaa!! New Year's Karaoke Relay!!!!,sing
01/01,Baelz,10:31,≪HOLOEN KARAOKE RELAY≫ IT'S TIME TO SING!!,sing
01/01,holo EN,17:00,Ochame Kinou - hololive English Cover,cover
01/01,沙花叉クロヱ,17:00,【singing】あけおめ！メンシ解禁記念に歌います！歌枠【沙花叉クロヱ/ホロライブ】,sing
01/01,風真いろは,19:00,【歌枠】歌初め✨週1歌枠でござる🎤【風真いろは/ホロライブ】,sing
01/01,Ollie,20:28,【KARAOKE】LET'S WELCOME 2022 WITH SOME SONGS!!【Hololive Indonesia 2nd Gen】,sing
01/01,Reine,23:30,【NOODLES】We Are Dining (at) Unusual Hours (disingkat W.A.D.U.H.)【Pavolia Reine/hololiveID 2nd gen】,sing
01/02,白銀ノエル,16:00,【歌枠】今年最初の歌はじめ～～～🎍🐯✨【白銀ノエル/ホロライブ】,sing
01/02,白上フブキ,17:58,【ウマ娘】#フブミオ　新春ウマ娘お正月ピックアップガチャ対決!!【ホロライブ/白上フブキ】,collab
01/02,Baelz,20:00,≪Animal Crossing: New Horizons≫  it has begun. ft SANA,sing
01/02,角巻わため,22:04,【歌枠】第７２回！歌い初め！わためぇ Night Fever!!【角巻わため/ホロライブ４期生】,sing
01/03,IRyS,13:01,【Animal Crossing: New Horizons + a bit of Mario Kart 8】VILLAGER GACHA IKZ,sing
01/03,常闇トワ,19:58,【3DLIVE】この叫びを届けるためにｰScreamｰ【#常闇トワ2周年記念】,collab
01/03,姫森ルーナ,21:00,【 ゆびをふる大会 】ゆびふるのらあああああああ！！！ポケモンBDSP【#姫森ルーナ/ホロライブ】,collab
01/03,尾丸ポルカ,21:00,【#ホロゆびをふる】ポルカふるか？このゆびにかぎる👆🌟【ポケモンBDSP/尾丸ポルカ/ホロライブ】,collab
01/03,白銀ノエル,21:12,【#ホロゆびをふる】すべてを捩じ伏せ……..団長は勝つ……..₍₍⁽⁽☝₎₎⁾⁾【ポケモンBDSP】,collab
01/03,獅白ぼたん,21:15,【#ホロゆびをふる】負けたら配信終了…勝つぞ…！―ポケモンBDSPゆびをふる大会【獅白ぼたん視点/ホロライブ】,collab
01/03,ロボ子さん,21:19,【#ホロゆびをふる】NONO不憫✌ボクの運勢は絶好調！！DAYONE?👆?【ホロライブ/ロボ子さん】,collab
01/03,博衣こより,21:37,【ポケモンBDSP】ゆびをふる大会本番！優勝して2022年は不憫を払拭だ！【博衣こより/ホロライブ】,collab
01/03,鷹嶺ルイ,22:00,【#ホロゆびをふる】もう運がないとは言わせない本気の戦い！―ポケモンBDSPゆびをふる大会【鷹嶺ルイ/ホロライブ】,collab
01/03,Anya,23:01,【Pokemon: Brilliant Diamond】2nd Badge Get! Progressing Slowly But Surely【hololive ID 2nd Generation】,sing
01/04,姫森ルーナ,19:59,【 #姫森ルーナ2周年記念LIVE 】みんなへ感謝の気持ち届けたいのら！✨2nd Anniversary 3D LIVE !!💜【ホロライブ】,live
01/04,Iofi,22:01,【 歌枠/KARAOKE 】SUPER DUPER ULTRA RARE 500K AND HAPPY NEW YEAR KARAOKE【 iofi / イオフィ 】,sing
01/04,夜空メル,22:03,【歌枠】お正月衣装ver2.0お披露目♡新春歌枠！！！【ホロライブ/夜空メル】,sing
01/06,Mumei,12:00,【MEMBERS】 Acapella KARAOKE [unarchived],unarchive
01/06,ラプラス,00:28,【歌枠】応援してくれるみんなのおかげでここまで来れました！；；【ラプラス・ダークネス/ホロライブ】,sing
01/06,AZKi,22:00,【新年歌枠】2022年 新年のご挨拶＆歌い初め！Happy New Year !!!【#あずきんち】,sing
01/07,ときのそら,21:02,【オリ曲】まったりのんびり歌う枠【#ときのそら生放送】,sing
01/07,風真いろは,22:01,【歌枠】週1歌枠🎤マリカ大会お疲れ様！今週も楽しいを届けるでござる！【風真いろは/ホロライブ】,sing
01/08,アステル・レダ,20:00,『karaoke_歌枠』2022年初歌（たぶん） /  アステル・レダ,sing
01/08,律可,23:55,もう少しだけ/YOASOBI ショート covered by 律可 #Shorts,cover
01/09,ロボ子さん,10:13,【８０万人耐久】 ８０万人見届けたいっ✨耐久歌枠だよ～～❤【ホロライブ/ロボ子さん】,sing
01/09,夏色まつり,21:58,【120万人超耐久！】目標まで歌い続けます！【ホロライブ/夏色まつり】,sing
01/09,律可,22:00,【弾き語り枠】新年初歌枠！！！だって！！！！【律可/ホロスターズ】 #りつすた,sing
01/10,Fauna,08:00,【UNARCHIVED KARAOKE】 IT'S DEFINITELY CHRISTMAS KARAOKE #holoCouncil,unarchive
01/10,Gura,10:00,[UNARCHIVED] singing stream,unarchive
01/10,戌神ころね,20:00,ふ･れ･ん･ど･し･た･い / やかまし娘 (cover),cover
01/10,角巻わため,22:05,【歌枠】第７３回！わためぇ Night Fever!!【角巻わため/ホロライブ４期生】,sing
01/11,IRyS,12:00,【6 MONTH ANNIVERSARY】SINGING and ANNOUNCEMENTS!!💎,sing
01/12,夜空メル,19:12,【歌枠】重大告知あるよ！たのしく歌うたう♡【ホロライブ/夜空メル】,sing
01/12,大神ミオ,20:00,【歌枠】リクエスト＆覚えた歌をうたいたい！【ホロライブ/大神ミオ】,sing
01/12,Iofi,22:00,【 Live Draw 】ちょっと遅くなった？LET'S MAKE NEW YEAR CARD【 iofi / イオフィ 】,live
01/12,不知火フレア,22:01,【歌枠】今年一発目！？リハビリしつつ歌う-karaoke-【不知火フレア/ホロライブ】,sing
01/12,兎田ぺこら,20:59,【＃兎田ぺこら生誕祭】お誕生日記念🎉3rd Birthday LIVE【ホロライブ】,live
01/13,律可,21:01,【弾き語り枠】ボカロアニソン邦楽歌う【律可/ホロスターズ】 #りつすた,sing
01/13,風真いろは,21:59,【歌枠】週一歌枠🎤きょうは木曜日！残りも頑張ろうでござる🔥！【風真いろは/ホロライブ】,sing
01/13,鷹嶺ルイ,23:00,【singing】ボカロやJ-POPなど色々歌う～！／KARAOKE【鷹嶺ルイ/ホロライブ】,sing
01/14,ラプラス,19:26,【歌枠】決意表明をします、別れの歌【ラプラス・ダークネス/ホロライブ】,sing
01/14,湊あくあ,21:00,【歌枠】新年！はじめての歌枠！！♡KARAOKE LIVE♡【湊あくあ/ホロライブ】,sing
01/14,姫森ルーナ,23:00,【 お歌 】Sing a Song 🎵 ネイルしてテンションアップぅぅぅ！🎤(・o・🍬)【#姫森ルーナ/ホロライブ】,sing
01/16,白銀ノエル,19:00,【#ほめのびの日】週末歌枠！歌へた太郎だけど楽しく歌えばオールOK🎤🎶【白銀ノエル/ホロライブ】,sing
01/16,角巻わため,23:01,【歌枠】第７４回！わためぇ Night Fever!!【角巻わため/ホロライブ４期生】,sing
01/17,アステル・レダ,08:01,『karaoke_歌枠』久々にオハ活でおうたをうたう /  アステル・レダ,sing
01/17,夜空メル,18:00,アニマル / 夜空メル(cover),cover
01/18,律可,20:54,ベテルギウス/優里 弾き語りショート covered by 律可 #shorts,cover
01/19,ときのそら,21:05,【歌枠】ちょこっと歌いたい枠【#ときのそら生放送】,sing
01/19,ホロライブ,20:00,【MV】おにけもだんす / いろはにほへっと あやふぶみ【楽曲好評配信中！】,cover
01/20,Baelz,20:00,≪歌枠≫ 久しぶりに日本語だけ配信！,sing
01/20,常闇トワ,21:30,【歌枠】バラード【常闇トワ】,sing
01/20,Baelz,21:53,≪歌枠≫ 久しぶりに日本語だけ配信！PART 2,sing
01/20,夏色まつり,22:58,【歌枠】 歌いたい衝動にかられて / singing KARAOKE【ホロライブ/夏色まつり】,sing
01/21,星街すいせい,21:00,【歌枠】はりきって歌います😃 / SINGING STREAM【ホロライブ / 星街すいせい】,sing
01/21,風真いろは,21:31,【歌枠】良いお知らせ✨週1歌枠🎤【風真いろは/ホロライブ】,sing
01/21,不知火フレア,22:01,【歌枠】今日は歌うわ！-karaoke-【不知火フレア/ホロライブ】,sing
01/22,AZKi,21:00,【攻殻機動隊】rise / AZKi【歌ってみた】,cover
01/23,アステル・レダ,11:29,『karaoke_歌枠』昼活！！ハムカツ！！ドン勝つ！！！ /  アステル・レダ,sing
01/23,博衣こより,12:00,【耐久歌枠】50万人目指して歌う！Singing！【博衣こより/ホロライブ】,sing
01/23,尾丸ポルカ,19:00,CINEMA - 尾丸ポルカ(cover),cover
01/23,沙花叉クロヱ,20:02,【singing】リハビリ歌枠【沙花叉クロヱ/ホロライブ】,sing
01/23,天音かなた,21:00,【歌枠】歌い方変えてみた/New? singing♪【天音かなた/ホロライブ】,sing
01/23,湊あくあ,22:01,【歌枠】おしらせがあるよ！うたいます！【湊あくあ/ホロライブ】,sing
01/24,百鬼あやめ,00:01,【歌枠】練習会会場🎤,sing
01/24,博衣こより,20:00,シル・ヴ・プレジデント／博衣こより Cover【歌ってみた】,cover
01/24,桃鈴ねね,20:00,【 KARAOKE 】新年初歌枠！いっぱい歌うぞ！✨【 桃鈴ねね / ホロライブ / #ねねいろらいぶ  】,sing
01/24,猫又おかゆ,20:01,【歌枠】ボカロ曲多めでお届けします～～！🎶【猫又おかゆ/ホロライブ】,sing
01/24,奏手イヅル,20:04,【歌枠】久々のギター弾き語る【奏手イヅル】,sing
01/24,律可,21:58,【弾き語り枠】ただいまの歌【律可/ホロスターズ】 #りつすた,sing
01/24,律可,23:15,【歌ってみた】ロウワー / ぬゆり『covered by 律可』,cover
01/25,ラプラス,21:28,【歌枠】リクエスト求！頑張る！！！【ラプラス・ダークネス/ホロライブ】,sing
01/26,癒月ちょこ,20:00,【歌ってみた】神のまにまに/Covered by癒月ちょこ＆大空スバル＆姫森ルーナ【ホロライブ/オリジナルＭＶ】,cover
01/26,白上フブキ,21:00,【歌枠】数世紀ぶりに歌うんだぞっと/Singing【ホロライブ/白上フブキ】,sing
01/26,紫咲シオン,21:01,【歌/雑談】お久しぶりです・・・今年初めての配信！！【ホロライブ/紫咲シオン】,sing
01/26,紫咲シオン,22:00,アニマル／Covered by紫咲シオン【歌ってみた】,cover
01/27,大神ミオ,19:02,【歌枠】好きな音の歌をうたうよ～【ホロライブ/大神ミオ】,sing
01/27,星街すいせい,20:00,アニマル / miComet(cover),cover
01/27,律可,22:59,【20万人耐久枠】到達まで歌う！【律可/ホロスターズ】 #りつすた,sing
01/28,風真いろは,20:00,【歌枠】週1歌枠🎤今週はボカロ多め✨【風真いろは/ホロライブ】,sing
01/29,沙花叉クロヱ,21:02,【singing】デビュー2カ月目にしてプチ告知！歌枠【沙花叉クロヱ/ホロライブ】,sing
01/29,尾丸ポルカ,23:06,お歌うたって誕生日をいっしょにお迎えしよう！！！！～当日のライブとかの話～【尾丸ポルカ/ホロライブ】,sing
01/30,Baelz,09:00,《COVER》Hontou no Oto - KOKIA || HAKOS BAELZ,cover
01/30,尾丸ポルカ,20:55,【#尾丸ポルカ生誕祭】ポルカプロデュース!最強アイドルグループ3DLIVE!,live
01/31,鷹嶺ルイ,18:30,フォニイ / 鷹嶺ルイ(cover),cover
01/31,角巻わため,22:04,【歌枠】第７５回！わためぇ Night Fever!!【角巻わため/ホロライブ４期生】,sing
01/31,アステル・レダ,23:04,『karaoke_歌枠』ぎりぎりでいーつもいきて /  アステル・レダ,sing
02/01,Amelia,09:00,【KARAOKE】Warmin' up vocal chords~ (Unarchived),unarchive
02/01,星街すいせい,18:00,ロウワー / 星街すいせい(cover),cover
02/01,ホロライブ,19:00,【滅びの歌姫】世紀の一戦！ついにあの２人が大激突！【歌ヘタ女王】,sing
02/01,律可,20:53,無理矢理【神っぽいな】弾き語りしてみた！！ covered by 律可 #shorts #ホロスターズ,cover
02/01,博衣こより,22:00,【歌枠】意外とレアな歌枠だよ～！【博衣こより/ホロライブ】,sing
02/02,沙花叉クロヱ,18:00,アニマル/沙花叉クロヱ(cover),cover
02/02,AZKi,20:00,【フルアニメーションMV】猫ならばいける / AZKi【 #アニAZ 】,cover
02/02,大神ミオ,20:22,白金ディスコ/大神ミオ(cover) -VARK LIVE version,cover
02/02,ときのそら,21:03,【Original song】歌枠しちゃうぞ～【#ときのそら生放送】,sing
02/03,天音かなた,18:45,半年前と別人！？歌い方変えてみた①　#Shorts,sing
02/03,雪花ラミィ,20:00,コネクト/雪花ラミィ(cover) -VARK LIVE version,cover
02/03,天音かなた,22:01,【１時間で】歌ってみた制作！！生REC＆音源生MIX！！！【天音かなた/ホロライブ】,cover
02/04,Calli,11:00,【ORIGINAL SONG MV】「Q」- Calliope Mori x Gawr Gura x DECO*27,cover
02/04,獅白ぼたん,18:00,Los!Los!Los! / 獅白ぼたん(cover) -VARK LIVE version,cover
02/04,尾丸ポルカ,19:00,【それが私たちのサガだから】徒花ネクロマンシー／COVER LIVE Ver.【ポルカプロデュース】,cover
02/04,奏手イヅル,21:34,【歌枠】一週間お疲れ弾き語り【奏手イヅル】,sing
02/04,鷹嶺ルイ,22:00,【singing】久々の歌枠～！いっぱい歌うぞ～！／KARAOKE【鷹嶺ルイ/ホロライブ】,sing
02/04,風真いろは,23:00,【歌枠】週1歌枠🎤初ボイトレ後の歌枠！！【風真いろは/ホロライブ】,sing
02/05,夏色まつり,17:56,【歌枠】バラードとか【ホロライブ/夏色まつり】,sing
02/05,Reine,22:00,【KARAOKE/歌枠】Let's sing HOLOLIVE SONGS! It's been a while【Pavolia Reine/hololiveID 2nd gen】,sing
02/05,赤井はあと,22:03,【歌枠】アベ・チャママ ♡天使の歌声♡【SINGCHAMA】,sing
02/05,桃鈴ねね,23:01,【 歌枠 】寝る前にバラードいかがですか？✨【 桃鈴ねね  / ホロライブ / #ねねいろらいぶ 】,sing
02/06,IRyS,14:46,【UNARCHIVED】Guerilla rehab karaoke anyone?,unarchive
02/06,大神ミオ,18:02,【歌枠】懐かしい曲限定！有名曲をうたいまくる【ホロライブ/大神ミオ】,sing
02/06,角巻わため,22:01,【歌枠】第７６回！わためぇ Night Fever!!【角巻わため/ホロライブ４期生】,sing
02/06,湊あくあ,23:01,【歌枠】月曜日をふっとばすわよ！KARAOKE LIVE♪【湊あくあ/ホロライブ】,sing
02/06,律可,23:06,【弾き語り枠】睡眠導入歌【律可/ホロスターズ】 #りつすた,sing
02/07,IRyS,13:25,【Another Eden】 Chasing the cat once more,sing
02/07,尾丸ポルカ,23:00,お披露目てからの雑談歌枠なんだよな #ねぽらぼ【尾丸ポルカ/ホロライブ】,sing
02/08,さくらみこ,00:01,【 歌枠/sing】定休日前におやすみ歌枠 singing stream【ホロライブ/さくらみこ】,sing
02/09,Kronii,12:00,【Original Song MV】Daydream - Ouro Kronii,cover
02/09,百鬼あやめ,21:30,【歌枠】おうたをうたう！！！！！,sing
02/10,Calli,12:15,【JOJO'S KARAOKE】Calliope's Bizarre Karaoke. (UNARCHIVED) #bizarrecallioke,unarchive
02/11,夏色まつり,17:58,【歌枠】ただいまのうたわく～【ホロライブ/夏色まつり】,sing
02/11,アステル・レダ,20:45,【歌ってみた】誇り高きアイドル / アステル,cover
02/12,アルランディス,16:32,【Sing a Song】歌う枠【アルランディス/ホロスターズ】,sing
02/12,奏手イヅル,18:02,【Re】BUMP OF CHICKENのみのカラオケ【奏手イヅル】,sing
02/13,岸堂天真,01:07,深夜のしっとり安眠歌枠 【岸堂天真/ホロスターズ】,sing
02/13,大神ミオ,19:01,【歌枠】バレンタインだ！LoveSongだ！！！！【ホロライブ/大神ミオ】,sing
02/13,湊あくあ,20:00,【歌枠】明日はバレンタインだ！！！Love Song KARAOKE♪【湊あくあ/ホロライブ】,sing
02/14,Baelz,09:30,≪Unarchived KARAOKE!≫ LOVE SONGS EDITION!,unarchive
02/14,Kiara,07:00,【Kiara x Amelia】Dreamin Chuchu / どりーみんチュチュ SONG COVER,cover
02/14,白銀ノエル,18:07,【歌枠】ハッピーバレンタイン🍫チョコの代わりに団長の歌をプレゼント(返品不可)💝【白銀ノエル/ホロライブ】,sing
02/14,律可,18:14,ビターチョコデコレーション弾き語りver/syudou　covered by 律可 #shorts #ホロスターズ,cover
02/14,不知火フレア,19:02,【歌枠】恋曲縛ります❤！-karaoke-【不知火フレア/ホロライブ】,sing
02/14,夏色まつり,20:58,【バレンタイン】らぶらぶ歌枠♡/Singing KARAKOKE【ホロライブ/夏色まつり】,sing
02/14,Iofi,20:59,#iofi_QnAE Senin Produktif ! Making The Final Illustration for OriSong MV,cover
02/14,宝鐘マリン,22:00,【歌枠】LOVE LOVE LOVE ♡ キミたちへ送るバレンタイン ♡ / KARAOKE singing【ホロライブ/宝鐘マリン】,sing
02/14,角巻わため,22:04,【歌枠】第７７回！Valentine's わためぇ Night Fever!!【角巻わため/ホロライブ４期生】,sing
02/15,Amelia,11:00,【KARAOKE】Singin' from the HEART ♡ unarchived,unarchive
02/15,赤井はあと,20:02,【歌枠】アイドルソング縛り♪きゃわわ～～～！【ホロライブ/はあちゃま】,sing
02/15,Moona,21:31,【MoonDay2022】Let's sing a song on my birthday!【MoonUtau】,sing
02/16,アステル・レダ,17:01,『karaoke_歌枠』うむ。 /  アステル・レダ,sing
02/16,猫又おかゆ,20:02,【嬉しい】告知あり歌枠！マイクも新しいしワクワク🎤🎶【嬉しい】,sing
02/17,尾丸ポルカ,10:01,【歌枠】SINGおうた歌枠ぽるうたSINGうたうたうた【尾丸ポルカ/ホロライブ】,sing
02/17,アキロゼ,20:59,【#アキロゼ生誕祭2022】Wonder Shower Musical !!!!【3DLIVE】,live
02/17,不知火フレア,22:00,【歌枠】アニソンメインに歌う！-karaoke-【不知火フレア/ホロライブ】,sing
02/18,湊あくあ,19:00,【アニメMV】あいわな／湊あくあ,cover
02/18,風真いろは,20:00,【歌枠】チャンネル登録者数50万人突破ありがとうございます🍃【風真いろは/ホロライブ】,sing
02/18,Anya,21:00,【cover】マーシャルマキシマイザー(Marshall Maximizer)  / Anya Melfissa,cover
02/18,AZKi,22:01,【歌枠】J-POP・アニソン・ホロメン曲、元気に歌う！Singing Stream【#あずきんち】,sing
02/19,奏手イヅル,19:04,【弾き語り】好きなだけ歌う男【奏手イヅル】,sing
02/19,赤井はあと,20:02,【歌枠】ジブリ縛り！トトロいるもももん！！！#SINGCHAMA【ホロライブ/はあちゃま】,sing
02/20,Baelz,11:02,≪ANISONG KARAOKE≫ la la la desu.,sing
02/20,ロボ子さん,18:00,【歌】何億年ぶりのうた【ホロライブ/ロボ子さん】,sing
02/21,Gura,10:00,[UNARCHIVED] shork sing,unarchive
02/21,ときのそら,20:00,【告知あるよ】歌ったりしゃべったり！！【#ときのそら生放送】,sing
02/21,大空スバル,21:30,Fantastic future/大空スバル(cover) -VARK LIVE version,cover
02/22,猫又おかゆ,20:56,【#猫又おかゆ生誕ライブ2022】歌って踊ってみんな！楽しんでって！✨：OKAYU Birthday Live🎉【ホロライブ】,sing
02/22,尾丸ポルカ,22:22,アニマル - 尾丸ポルカ(cover),cover
02/22,夏色まつり,22:58,【歌枠】癒しのうたごえ / Singing KARAOKE【ホロライブ/夏色まつり】,sing
02/23,Mumei,15:00,【HoloCouncil】 Hikaru Nara / 光るなら COVER,cover
02/23,天音かなた,19:00,フラジール／天音かなた(cover),cover
02/23,AZKi,21:59,【歌枠】開拓者組合1周年記念！生演奏&amp;生歌ライブ / LIVE MUSIC STREAM【#あずきんち】,sing
02/23,Risu,22:00,【MINECRAFT】Menghiasi Kapal Pinisi : PINISING THE DECORATION !!!【Ayunda Risu】,sing
02/24,ホロライブ,19:00,【MV】HappinessWorld【宝鐘マリン/白上フブキ】,cover
02/24,律可,21:01,【20万人記念枠】#律可リク歌祭 でリクエスト募集!!【律可/ホロスターズ】,sing
02/24,律可,23:00,【歌ってみた】夜撫でるメノウ / Ayase『covered by 律可』,cover
02/24,大神ミオ,23:00,【歌枠】深夜にしっとりまったり〜バラード歌う！【ホロライブ/大神ミオ】,sing
02/24,癒月ちょこ,23:08,【freetalk】ちょこ先生はSecretClassのMV語りたい【ホロライブ/癒月ちょこ】,cover
02/24,さくらみこ,23:31,【 歌枠/sing 】歌を歌うにぇ！  singing stream【ホロライブ/さくらみこ】,sing
02/25,ときのそら,18:00,ときのそら Theatrical Cover Live『Role:Play』 ダイジェスト映像,live
02/25,律可,18:34,#shorts【歌ってみた】夜撫でるメノウ / Ayase『covered by 律可』,cover
02/25,奏手イヅル,19:05,【歌枠】Mr.Childrenのみのカラオケ(イヤホン非推奨)【奏手イヅル】,sing
02/25,Reine,20:00,【MV】Love Me Love Me ／ Pavolia Reine【Original Song】,cover
02/25,角巻わため,22:01,【歌枠】第７８回！わためぇ Night Fever!!【角巻わため/ホロライブ４期生】,sing
02/25,風真いろは,23:31,【歌枠】週一歌枠🎤ミラプリ企画ありがとうございました！！【風真いろは/ホロライブ】,sing
02/26,Amelia,15:04,【KARAOKE】DONT GO TO SLEEP YET,sing
02/26,博衣こより,22:01,【Sing】懐メロ歌枠～スナックこよりへようこそ～【博衣こより/ホロライブ】,sing
02/27,IRyS,10:00,【MV】See the world / IRyS【Original Song】,cover
02/27,律可,21:59,#18【RiTunes Labo】生セッション歌枠：ゲスト『HACHI』【律可/ホロスターズ 】#りちゅらぼ,sing
02/28,Baelz,12:00,【ORIGINAL MV】PLAY DICE! || HAKOS BAELZ,cover
02/28,夏色まつり,18:00,ファンサ/夏色まつり(cover) -VARK LIVE version,cover
02/28,鷹嶺ルイ,18:30,MIRA / 鷹嶺ルイ(cover),cover
02/28,常闇トワ,22:02,【歌枠】いろいろ好きに歌っちゃおうかな～！【常闇トワ】,sing
02/28,兎田ぺこら,23:00,【歌枠】たまには深夜に歌いましょう！sing a song!ぺこ！【ホロライブ/兎田ぺこら】,sing
02/28,Baelz,23:01,≪BDAY KARAOKE≫ we drinking + countdown,sing
03/01,Ollie,21:15,【UNARCHIVED KARAOKE】NOW TO PROVE MY BETTER SINGING WITH MORE SONGS!!【Hololive Indonesia 2nd Gen】,unarchive
03/01,さくらみこ,19:01,【 告知/歌枠 】うれしいおしらせするにぇぇ！！！ / GOOD major announcement【ホロライブ/さくらみこ】,sing
03/01,Ollie,20:31,【KARAOKE】I THINK I GOT BETTER AT SINGING!! MAYBE!!【Hololive Indonesia 2nd Gen】,sing
03/01,白銀ノエル,21:02,【歌枠】なんだか歌いたい気分なんだ～～～🎤✨【白銀ノエル/ホロライブ】,sing
03/01,姫森ルーナ,22:00,【 メンバーシップ２周年＊お歌 】ルーナに忠誠を誓うのらああああ！！💗【#姫森ルーナ/ホロライブ】,sing
03/02,夏色まつり,00:30,夜もすがら君想ふ / 夏色まつり cover,cover
03/02,律可,19:17,【W/X/Y】弾き語りしてみた！！ covered by 律可 #shorts #ホロスターズ,cover
03/02,桃鈴ねね,20:58,【 3DLIVE 】ねねが主役！！！！！ #桃鈴ねね誕生日2022【 桃鈴ねね / ホロライブ 】,live
03/02,夏色まつり,23:24,【歌枠】歌を届けます！ / Singing KARAOKE【ホロライブ/夏色まつり】,sing
03/03,博衣こより,18:00,【Sing】ただいま！引っ越し記念&amp;54万人感謝歌枠！【博衣こより/ホロライブ】,sing
03/03,赤井はあと,20:02,【歌枠】あっは～ん！色気全開でいくわよ・・・♥【ホロライブ/はあちゃま】,sing
03/03,ラプラス,21:28,【歌枠】久しぶりだ！吾輩の歌聴いてくれる奴いるううう！？！？【ラプラス・ダークネス/ホロライブ】,sing
03/03,律可,21:57,【弾き語り枠】久しぶりな歌枠【律可/ホロスターズ】 #りつすた,sing
03/04,風真いろは,20:11,【歌枠】週1歌枠🎤この小屋で歌うのも今日が最後でござるな・・・【風真いろは/ホロライブ】,sing
03/04,ロボ子さん,20:58,【＃ロボ子4周年記念LIVE 】４周年３D IDOL LIVE🎉cuteにcoolに楽しんでIKZ🎉 【3D LIVE】,live
03/05,アステル・レダ,22:30,『karaoke_歌枠』うたみた上がりました noarchive /  アステル・レダ,unarchive
03/05,赤井はあと,20:08,【歌ったり喋る】たまにはまったり～～～。,sing
03/05,さくらみこ,20:56,【 #さくらみこ生誕祭 】BIRTHDAY PARTY 🎂 4th Virtual3DLive !!【ホロライブ/さくらみこ】,live
03/05,不知火フレア,22:02,【歌枠】おうち３Dで歌うぞっ！-karaoke-【不知火フレア/ホロライブ】,sing
03/06,沙花叉クロヱ,19:02,【singing】歌枠で今週もお疲れ様！【沙花叉クロヱ/ホロライブ】,sing
03/06,角巻わため,22:01,【歌枠】第７９回！わためぇ Night Fever!!【角巻わため/ホロライブ４期生】,sing
03/06,鷹嶺ルイ,22:15,アイデンティティ / 猫又おかゆ＆鷹嶺ルイ(cover),cover
03/07,鷹嶺ルイ,18:01,【singing】久々！レアな歌枠！！／KARAOKE【鷹嶺ルイ/ホロライブ】,sing
03/07,夏色まつり,19:58,【歌枠】リクエストを歌うなどするッ！ / Singing KARAOKE【ホロライブ/夏色まつり】,sing
03/07,赤井はあと,20:01,SING STREAM with my best friend♪,sing
03/08,桃鈴ねね,19:02,【 歌枠 】気持ちを込めて、歌います！【 桃鈴ねね / ホロライブ 】,sing
03/08,星街すいせい,22:01,歌枠 / SINGING STREAM【ホロライブ / 星街すいせい】,sing
03/09,岸堂天真,02:18,【深夜の歌枠】春が近いのでそういった爽やかな歌【岸堂天真/ホロスターズ】,sing
03/09,さくらみこ,20:00,ダーリンダンス / さくらみこ(cover),cover
03/09,尾丸ポルカ,23:02,【歌枠】ありがとう、感謝の言葉。【尾丸ポルカ/ホロライブ】,sing
03/10,アステル・レダ,08:02,『karaoke_歌枠』おはようございまーす！！ /  アステル・レダ,sing
03/10,星街すいせい,18:00,僕は初音ミクとキスをした / 星街すいせい(cover),cover
03/11,Ina,07:00,【Karaoke】 Ina Sing Sing Ina Ina Sing Sing,sing
03/11,風真いろは,20:30,【歌枠】３０分だけの短め💦それでも週１は歌いたいでござる！【風真いろは/ホロライブ】,sing
03/11,Iofi,22:00,Monthly Karaoke! Anime Song Edition,sing
03/12,影山シエン,17:01,【歌枠】夕方カラオケ男【影山シエン/ホロスターズ】,sing
03/12,Anya,19:00,【cover】シェーマ(Schema)  / Anya Melfissa,cover
03/12,獅白ぼたん,19:00,創造 / 獅白ぼたん(cover),cover
03/13,猫又おかゆ,00:00,【歌枠】深夜のこっそりピアノオケ歌枠🎹【猫又おかゆ/ホロライブ】,sing
03/13,大神ミオ,18:01,【歌枠】ホロメンのオリジナル曲縛り！【ホロライブ/大神ミオ】,sing
03/14,ときのそら,18:57,【ヘッドセットもらった】お披露目告知Replay歌枠！！【#ときのそら生放送】,sing
03/14,白銀ノエル,19:00,【歌枠】白縛り？！バレンタインに引き続き！愛をこめて歌います💝✨【白銀ノエル/ホロライブ】,sing
03/14,不知火フレア,22:02,【歌枠】歌いたい気分！-karaoke-【不知火フレア/ホロライブ】,sing
03/14,宝鐘マリン,22:59,【歌枠】50代の選曲をしてしまうマリン船長【ホロライブ/宝鐘マリン】,sing
03/14,律可,23:02,【弾き語り枠】WHITEDAYだ！みんなに想いを返す歌【律可/ホロスターズ】,sing
03/20,沙花叉クロヱ,22:00,【歌枠】ライブで高まった気持ちを歌に込めます！【沙花叉クロヱ/ホロライブ】,sing
03/20,博衣こより,22:02,【Talk&amp;Singing】 #つながるホロライブDAY2 オタクの早口感想と限界歌枠【博衣こより/ホロライブ】,sing
03/20,Calli,23:00,【1st Full Album】“UnAlive” Calliope Mori Releasing 3.21.2022,sing
03/20,風真いろは,23:01,【歌枠】#つながるホロライブDAY2 おつかれさまでござる✨【風真いろは/ホロライブ6期生】,sing
03/21,ロボ子さん,11:07,【歌】それは突然に【ホロライブ/ #ロボ子生放送】,sing
03/21,夏色まつり,19:00,【歌枠】ライブで歌った曲を歌うなどする～ / Singing KARAOKE【ホロライブ/夏色まつり】,sing
03/21,律可,19:29,【弾き語り枠】昨日のライブめっちゃよかったから歌いたくなったやつ【律可/ホロスターズ】＃りつすた,sing
03/21,岸堂天真,21:17,【歌枠】今週も頑張っていきましょうソング【岸堂天真/ホロスターズ】,sing
03/21,湊あくあ,22:00,【歌枠】ライブおつかれさまでした！KARAOKE LIVE♪【湊あくあ/ホロライブ】,sing
03/21,Calli,23:30,【3D MV】「UnAlive」- Calliope Mori (Original Song),cover
03/27,ときのそら,14:02,【オリ曲歌枠】Dreaming!デビューから3年も経ったの！？【#ときのそら生放送】,sing
03/27,博衣こより,19:01,【Singing】約1ヶ月ぶりの歌枠！こよの歌を聴け～！！【博衣こより/ホロライブ】,sing
03/27,紫咲シオン,20:00,ねぇねぇねぇ。／Covered by紫咲シオン＆湊あくあ【歌ってみた】,cover
03/27,Kobo,23:30,【ORIGINAL SONG MV】Mantra Hujan - Kobo Kanaeru 【hololive Indonesia 3rd Gen】,cover
03/29,IRyS,08:45,【Karaoke Endurance】Singing until 801k Subs!,sing
03/29,白銀ノエル,23:00,【歌枠】深夜のはいぱーおんちタイム！！！？【白銀ノエル/ホロライブ】,sing
03/29,Reine,23:15,【歌枠KARAOKE】This is a singing stream【Pavolia Reine/hololiveID 2nd gen】,sing
03/15,夏色まつり,16:59,【歌枠】楽しく歌うそれ一番大事♪/Singing KARAOKE【ホロライブ/夏色まつり】,sing
03/15,猫又おかゆ,18:00,YONA YONA DANCE - 和田アキ子 / 猫又おかゆ(cover),cover
03/15,博衣こより,18:00,おねがいダーリン／博衣こより【歌ってみた】,cover
03/15,大神ミオ,21:00,【歌枠】あたたかな春の夜に春の歌を歌う🌸【ホロライブ/大神ミオ】,sing
03/17,夜空メル,00:03,【歌枠】深夜にまった～りお歌♡Sing a song！【ホロライブ/夜空メル】,sing
03/17,夜空メル,09:11,【歌枠】朝から出かけるまでまった～りお歌♡Sing a song！【ホロライブ/夜空メル】,sing
03/18,雪花ラミィ,19:00,ヒトリゴト // covered by 桃鈴ねね＆雪花ラミィ【歌ってみた】,cover
03/23,常闇トワ,21:00,桜ノ雨 / 常闇トワ×さくらみこ×アキ・ローゼンタール×尾丸ポルカ×風真いろは(cover),cover
03/23,尾丸ポルカ,23:33,【歌枠】SINGグォオオウグウウウグアア【尾丸ポルカ/ホロライブ】,sing
03/24,大神ミオ,19:00,【歌枠】歌いたくなった時が歌い時！【ホロライブ/大神ミオ】,sing
03/24,AZKi,19:00,【フルアニメーションMV】発光体ソーラーサイクル / AZKi【 #アニAZ 】,cover
03/24,桃鈴ねね,19:03,【 歌枠 】まったり雑談歌枠…♡【 桃鈴ねね / ホロライブ 】,sing
03/24,Risu,21:59,【KARAOKE】KARAOKE TO CELEBRATE HAPPY DAY !!!!【Ayunda Risu】,sing
03/24,さくらみこ,23:01,【 歌枠 】春だしまったり歌おう 🌸 SINGING STREAM【ホロライブ/さくらみこ】,sing
03/25,Mumei,10:41,【ENDURANCE】 I Sing Until 600K Subs,sing
03/25,鷹嶺ルイ,18:00,フクロウさん / 鷹嶺ルイ(cover),cover
03/25,AZKi,21:00,【歌枠】Vtuber楽曲縛り 生演奏&amp;生歌ライブ / LIVE MUSIC STREAM【#あずきんち】,sing03/26,IRyS,12:31,【The Closing Shift】I'd like some extra fear in my coffee please with hr monitor,sing
03/26,Baelz,13:01,≪500K CELEBRATION≫ HOLOLIVE ONLY KARAOKE!!!,sing
03/26,夜空メル,13:03,【歌枠】７０万人達成までお歌をうたう♪Sing a Song【ホロライブ/夜空メル】,sing
03/26,ときのそら,15:05,【The Closing Shift | 閉店事件】店員さんになって素敵なお仕事します【#ときのそら生放送】,sing
03/26,Calli,17:46,【2 MILLION SUBS】I Just Wanna Sing For You.,sing
03/26,沙花叉クロヱ,18:00,【singing】オリ曲公開カウントダウンしながら歌枠！【沙花叉クロヱ/ホロライブ】,sing
03/26,沙花叉クロヱ,19:30,沙花叉クロヱ MV - 「耀かし」,cover
03/26,不知火フレア,21:01,【歌枠】楽しく歌う！-karaoke-【不知火フレア/ホロライブ】,sing
03/26,紫咲シオン,23:03,【歌枠＆雑談】いろいろお疲れ様でした！！【ホロライブ/紫咲シオン】,sing
03/28,Calli,12:00,【SINGING】UnAlive Release Concert! #UnAlive,sing
03/28,Zeta,15:00,【Cover】 残響散歌 「Zankyou Sanka」/ Vestia Zeta,sing
03/28,アルランディス,16:03,【歌とお話し】多分これが引越し前最後の歌枠【アルランディス/ホロスターズ】,sing
03/28,赤井はあと,23:02,【歌枠】わたくしの歌声を聴きなさい！おほほ～♪さむっ...【ホロライブ/はあちゃま】,sing
03/30,湊あくあ,19:07,【ゲリラ】歌おうと思いましたがしゃべります【湊あくあ/ホロライブ】,sing
03/30,律可,22:00,【弾き語り枠】アップローもデビューしたし！アルゴナビスコラボあったし歌う！【律可/ホロスターズ】#りつすた,sing
03/31,Ollie,00:56,【#MILLIOLLIE】RESINGING MEDLLIE?? CHALLENGE ACCEPTED!! + LIL ANNOUNCEMENT【HoloID 2ndGen】,sing
03/31,桃鈴ねね,18:02,【 歌枠 】ねねちー春のアップデートお披露目でさらにかわいく…♡【 桃鈴ねね / ホロライブ 】,sing
03/31,AZKi,19:00,【フルアニメーションMV】オーバーライト / AZKi【 #アニAZ 】,cover
03/31,星街すいせい,20:58,【3D LIVE】Selfish of a Rough Stone【#星街すいせい４周年LIVE 】,live
03/31,夏色まつり,22:01,【歌枠】おひさしぶりに歌う～！！/Singing KARAOKE【ホロライブ/夏色まつり】,sing
03/31,水無世燐央,23:15,【歌ってみた】『エンヴィーベイビー』×『KING』/Kanaria【covered by 夜十神封魔/羽継烏有/緋崎ガンマ/水無世燐央】,cover
04/01,猫又おかゆ,21:00,U＆I / 猫又おかゆ × 戌神ころね(cover),cover
04/01,角巻わため,22:02,【歌枠】120万人目指して歌う！Singing till reach 1.2 million!!!【角巻わため/ホロライブ４期生】,sing
04/01,Kobo,23:00,【ACOUSTIC KARAOKE】MONETIZATION CELEBRATION! THANK YOU!!【Kobo Kanaeru / hololive ID】,sing
04/01,Kobo,23:12,【ACOUSTIC KARAOKE】MONETIZATION CELEBRATION! THANK YOU!! PART 2!!!!!【Kobo Kanaeru / hololive ID】,sing
04/01,不知火フレア,23:30,【誕生日カウントダウン】歌って話して誕生日を迎えたい🍰【不知火フレア/ホロライブ】,sing
04/02,アキロゼ,00:45,ゲリラ！歌うよKARAOKE stream 【アキロゼ/ホロライブ】#Akirose,sing
04/02,Calli,10:21,[MV] MONEY (Hand Me The Glock) YUNG SH1N1GAM1 B01,cover
04/02,水無世燐央,18:00,【歌ってみた】君の脈で踊りたかった/ピコン【covered by 水無世燐央】,cover
04/03,Amelia,14:00,【COVER】Ookami Blues ~,cover
04/03,常闇トワ,22:02,【ホロライブ曲縛り歌枠】👑100万人達成まで歌う！Reach a million people！【常闇トワ】,sing
04/04,鷹嶺ルイ,00:00,【singing】睡眠導入？ピアノ版歌枠／KARAOKE【鷹嶺ルイ/ホロライブ】,sing
04/04,Calli,19:59,【3D LIVE】Calliope Mori's First 3D Birthday Concert! #calli3DBD,live
04/04,赤井はあと,23:04,【歌枠】センパイ！おうたでたくさん癒されてね💓【ホロライブ/赤井はあと】,sing
04/05,猫又おかゆ,19:01,【歌枠】はじめて歌う曲もいっぱいある！ドキドキ…【猫又おかゆ/ホロライブ】,sing
04/05,ラプラス,19:30,【歌枠│SINGING】聴く？【ラプラス・ダークネス/ホロライブ】,sing
04/05,律可,23:31,【弾き語り枠】ゆっくり眠る前の歌【律可/ホロスターズ】#りつすた,sing
04/06,夏色まつり,18:58,【#ホロカラ覗き見】ホロメンのカラオケ覗き見！？ / 3Dstream【ホロライブ/夏色まつり】,sing
04/06,奏手イヅル,20:01,【弾き語り】声がｶﾞｻｶﾞｻの男の歌【奏手イヅル】,sing
04/06,猫又おかゆ,21:00,なにやってもうまくいかない / 猫又おかゆ(cover),cover
04/06,沙花叉クロヱ,22:30,【耐久歌枠】目指せ80万人！アカペラありsinging!!【沙花叉クロヱ/ホロライブ】,sing
04/06,さくらみこ,23:02,【 歌枠 】まったり歌うみこおにぇーさん  🌸 SINGING STREAM【ホロライブ/さくらみこ】,sing
04/06,水無世燐央,23:31,【ミニ歌枠】眠れない夜のお供にでも/水無世燐央【#アップロー / #ホロスターズ】,sing
04/07,ホロスターズ,19:00,【お歌】ちょっくら歌声改造してもらおう【＃わちゃスタ 27】,sing
04/07,桃鈴ねね,19:07,【 歌研究 】息多めに歌えるようになりたい ウィスパーボイス！【 桃鈴ねね / ホロライブ 】,sing
04/08,風真いろは,20:02,【歌枠】週1歌枠🎤今日はアカペラもまぜたりしてゆるくやるでござる～～！【風真いろは/ホロライブ6期生】,sing
04/09,Fauna,07:00,【UNARCHIVED KARAOKE】 Fauna's DefinitelyMaybeTotallyNot Prerecorded Karaoke,unarchive
04/09,鷹嶺ルイ,00:29,【singing】ゲリラ！ちょっとだけ歌う！／KARAOKE【鷹嶺ルイ/ホロライブ】,sing
04/09,アルランディス,13:00,【Talk&amp;(Sing)】引越し完了！新居から配信です！(時間があれば歌うかも)【アルランディス/ホロスターズ】,sing
04/09,天音かなた,22:00,ちょっとあざとい／天音かなた(cover),cover
04/09,ときのそら,22:01,【歌枠】のんびり好きな歌うたってく～【#ときのそら生放送】,sing
04/10,桃鈴ねね,18:57,【 歌枠 】#ねねあず オフコラボ！【 桃鈴ねね / AZKi / ホロライブ 】,sing
04/10,常闇トワ,19:30,ギラギラ / 常闇トワ(cover),cover
04/10,紫咲シオン,21:01,【歌枠】１００万人まで歌う！！Coming soon 1 million！【ホロライブ/紫咲シオン】,sing
04/11,Moona,01:00,【MoonUtau】Debut Countdown and Karaoke! IKZ!!!【Moona】,sing
04/11,水無世燐央,08:00,【ミニ歌枠】憂鬱かもしれない朝に/水無世燐央【#アップロー / #ホロスターズ】,sing
04/11,IRyS,12:01,【ROOM REVEAL】Flexing New Room and Sing some? ;D,sing
04/11,水無世燐央,21:02,【One Hand Clapping】歌で操作するゲーム？！/水無世燐央【 #アップロー / #ホロスターズ】,sing
04/11,角巻わため,22:01,【歌枠】第８０回！わためぇ Night Fever!!【角巻わため/ホロライブ４期生】,sing
04/11,赤井はあと,23:04,【歌枠】新学期・・・とっても刺激的でしたわ♪【ホロライブ/赤井はあと】,sing
04/12,尾丸ポルカ,14:02,【歌枠】SING 昼 それもいい【尾丸ポルカ/ホロライブ】,sing
04/12,鷹嶺ルイ,17:00,【singing】夕方のレア歌枠！！うたうぞ～！！／KARAOKE【鷹嶺ルイ/ホロライブ】,sing
04/12,大神ミオ,19:01,【歌枠】懐メロ縛り！懐かしい名曲に酔いしれる〜✨【ホロライブ/大神ミオ】,sing
04/13,Kiara,02:00,CINDERELLA (Giga First Night Remix) SONG COVER by Takanashi Kiara,cover
04/13,Reine,23:00,【KARAOKE】some belting city ALSO the thumbnail is very pretty【Pavolia Reine/hololiveID 2nd gen】,sing
04/13,博衣こより,23:00,【Singing】懐メロ歌枠でしっぽり～スナックこより～【博衣こより/ホロライブ】,sing
04/14,桃鈴ねね,08:06,【 歌枠 】通勤通学のお供に！朝活！【 桃鈴ねね / ホロライブ / #桃鈴ねね生放送 】,sing
04/14,夏色まつり,16:58,【歌枠】気分上げていきたい歌枠～♪/Singing KARAOKE【ホロライブ/夏色まつり】,sing
04/14,水無世燐央,22:00,【ミニ歌枠】リクエスト曲歌う！/水無世燐央【#アップロー / #ホロスターズ】,sing
04/14,沙花叉クロヱ,23:32,【singing】ミスったら終了！？パーフェクト歌枠！！【沙花叉クロヱ/ホロライブ】,sing
04/15,ロボ子さん,00:00,【歌/プチ告知】●●が・・・・！？！？夜更かしうたざつだーーーーーーん！【ホロライブ/ #ロボ子生放送】,sing
04/15,holo ID,22:45,"【ORIGINAL 3DMV】 HI-15 - hololive Indonesia 1st Generation (Risu, Moona, Iofi)",cover
04/16,Reine,12:00,【NEW YABE】Something New in the Live Chat... 【Pavolia Reine/hololiveID 2nd gen】,live
04/16,雪花ラミィ,18:00,フォニイ // covered by 雪花ラミィ,cover
04/16,湊あくあ,19:00,アスノヨゾラ哨戒班 ／ Startend cover,cover
04/16,不知火フレア,23:03,【歌枠】歌いたい気分！-karaoke-【不知火フレア/ホロライブ】,sing
04/16,風真いろは,23:31,【歌枠】機材調整の関係で土曜日23時半になりました🔥【風真いろは/ホロライブ6期生】,sing
04/17,Ina,06:00,【Unarchived Karaoke】 Karaoke Timeeeeeee,unarchive
04/17,水無世燐央,11:30,【ミニ歌枠】ギター初心者/水無世燐央【アップロー /ホロスターズ/#燐央顕現中】,sing
04/17,岸堂天真,22:59,【歌枠】誕生日がネタ配信になったので前日にアイドル活動しておく！！【岸堂天真/ホロスターズ】,sing
04/17,角巻わため,23:00,【歌枠】第８１回！わためぇ Night Fever!!【角巻わため/ホロライブ４期生】,sing
04/18,岸堂天真,23:00,【歌ってみた】シンデレラガール/岸堂天真,cover
04/19,ホロライブ,18:00,【MV】鬼灯日和 / いろはにほへっと あやふぶみ【楽曲好評配信中！】,cover
04/19,アステル・レダ,18:32,『karaoke_歌枠』歌が上手かったらアーカイブが残る歌枠 /  アステル・レダ,sing
04/19,姫森ルーナ,23:00,【 お歌と雑談 】ジブリのお歌と楽しいお話するぞぃ💗【#姫森ルーナ/ホロライブ】,sing
04/19,律可,23:00,【弾き語り歌枠】今日も1日お疲れ様。リラックスタイムにしよう【律可/ホロスターズ】#りつすた,sing
04/20,夜空メル,19:00,あざとく「バニー」歌ってみた / 夜空メル(cover),cover
04/21,ときのそら,19:00,【歌ってみた/cover】ゆずれない願い【ときのそら】,cover
04/21,博衣こより,19:00,アニマル / 博衣こより(cover)【ホロライブ/歌ってみた】,cover
04/21,桃鈴ねね,20:00,オレンジ / とらドラED full covered by 桃鈴ねね Kiara,cover
04/21,博衣こより,22:04,【Sing】レアめな歌枠！アニマル公開記念だよ～！【博衣こより/ホロライブ】,sing
04/22,鷹嶺ルイ,18:00,プロローグ - Uru / 鷹嶺ルイ(cover),cover
04/22,アルランディス,20:00,【歌ってみた】DAYS / FLOW covered by アルランディス&amp;律可 【ホロスターズ】,cover
04/22,天音かなた,20:57,【3DLIVE】バーチャルアイドルが踊ってみた！ #かなたんしか勝たん【天音かなた/ホロライブ】,live
04/22,天音かなた,21:59,フォニイ／天音かなた(cover),cover
04/22,白上フブキ,22:17,【歌枠】趣味曲で構成される古の歌枠 【ホロライブ/白上フブキ】,sing
04/23,アキロゼ,17:01,新マイクきたのでゲリラ！歌うよKARAOKE stream 【アキロゼ/ホロライブ】#Akirose,sing
04/23,鷹嶺ルイ,19:01,【singing】喉完治したから全力で歌う！！／KARAOKE【鷹嶺ルイ/ホロライブ】,sing
04/23,水無世燐央,21:01,【ミニ歌枠】初心者ギターと夜の歌/水無世燐央【アップロー/ホロスターズ/#燐央顕現中】,sing
04/23,奏手イヅル,21:32,【弾き語り】土曜の夜歌う男【奏手イヅル】,sing
04/24,花咲みやび,18:02,【歌枠】今年最後の歌なので頑張ります!!【花咲みやび/ホロスターズ】,sing
04/24,沙花叉クロヱ,23:00,【singing】1時間だけ広い世代の曲歌う！歌枠【沙花叉クロヱ/ホロライブ】,sing
04/25,Ina,06:00,【Chat】 I Lived but My PC Didn’t and Got Isekai’d to Be Reborn as Another PC,live
04/25,赤井はあと,23:00,【歌枠】大人の色気むんむんで歌いますわよ～♪【ホロライブ/はあちゃま】,sing
04/26,鷹嶺ルイ,17:00,【Endurance KARAOKE】50万人突破まで歌い続ける！！／until Half million【鷹嶺ルイ/ホロライブ】,sing
04/26,ロボ子さん,22:00,【歌活】歌声に個性をましましにしたい✨【ホロライブ/ #ロボ子生放送】,sing
04/27,姫森ルーナ,00:16,【 ゲリラ歌枠 】【#姫森ルーナ/ホロライブ】,sing
04/27,常闇トワ,19:02,【歌枠】久しぶりのKARAOKE【常闇トワ】,sing
04/27,宝鐘マリン,20:58,【#マリン出航3DLIVE】ゲストとワイワイ！Marine Set Sail!! Concert!!【ホロライブ/宝鐘マリン】,live
04/27,宝鐘マリン,22:00,【original animation MV】マリン出航！！【hololive/宝鐘マリン】,cover
04/28,奏手イヅル,01:13,ノスタルジックJ-pop / 大森靖子 弾き語りcover,cover
04/28,博衣こより,19:02,【歌枠】デビュー5か月記念日！楽しく歌う～！【博衣こより/ホロライブ】,sing
04/28,水無世燐央,21:00,【収益化記念歌枠】ALLリクエスト曲だ！感謝を込めて！/水無世燐央【アップロー/ホロスターズ/#燐央顕現中】,sing
04/28,角巻わため,21:00,【歌枠】やっはー！ただいまー！！！【角巻わため/ホロライブ４期生】,sing
04/28,アステル・レダ,23:05,『karaoke_歌枠』明日歌が上がるということで歌う /  アステル・レダ,sing
04/29,白銀ノエル,18:00,【歌枠】1時間だけ！！歌うよ～🎶【白銀ノエル/ホロライブ】,sing
04/29,ときのそら,18:00,ときのそら「太陽系デスコ」（Theatrical Cover Live『Role:Play』),live
04/29,夜空メル,19:00,３人で「LUVORATORRRRRY!」歌ってみた☆RapArrange / 夜空メル＆天音かなた＆Mori Calliope(cover),cover
04/29,天音かなた,20:30,【ショート歌枠】ShortSinging!!!!＆重大告知アリ！！！【天音かなた/ホロライブ】,sing
04/29,アステル・レダ,21:00,【歌ってみた】群青讃歌 / アステル 律可,cover
04/29,アステル・レダ,21:23,歌ってみたが上がりますが！！ましたが！！ /  アステル 律可,cover
04/30,沙花叉クロヱ,18:00,【singing】オリ曲公開まで歌枠！【沙花叉クロヱ/ホロライブ】,sing
04/30,沙花叉クロヱ,19:00,沙花叉クロヱ MV - 「Hurt you」,cover
04/30,律可,21:58,【癒し歌枠】落ち着きたい、眠れない時に弾き語り【律可/ホロスターズ】#りつすた,sing
04/30,Kobo,22:00,【KARAOKE】singing my senpais' songs~【Kobo Kanaeru / hololive ID】,sing
05/01,夏色まつり,12:58,【歌枠】ねこを飼い始めました🐈/Singing KARAOKE【ホロライブ/夏色まつり】,sing
05/01,姫森ルーナ,16:30,【 ゲリラ歌枠 】お歌とお話いっぱいしたのら！💗【#姫森ルーナ/ホロライブ】,sing
05/01,風真いろは,21:04,【歌枠】久々歌枠！ホロメンのオリソンもうたうでござる✨【風真いろは/ホロライブ6期生】,sing
05/02,Calli,13:00,【UNARCHIVED KARAOKE】MAMA MORI SINGING WITH ME?! #mamamori,unarchive
05/02,奏手イヅル,18:34,【弾き語り】歌いに来ましたぁ♥【奏手イヅル】,sing
05/05,ときのそら,18:00,【挨拶ボイトレ】広瀬香美さんと初コラボ！！【コラボ歌唱も！？/ときのそら】,sing
05/05,天音かなた,19:00,【企画】沙花叉の歌を1時間で生補正・生MIXチャレンジ！！！！【天音かなた/ホロライブ】,sing
05/07,Reine,01:36,Pavolia Reine - ROYAL PARTY TIME! Pavolia Reine’s hololive DJ×Karaoke Night (YouTube Music Weekend),sing
05/07,Ollie,02:20,Kureiji Ollie - Singing Hololive Songs in Indonesian!! 【YouTube Music Weekend】,sing
05/07,Kronii,12:00,【Just Chatting】I Lived Bugger,live
05/07,水無世燐央,17:59,【5万人耐久歌枠】歌って歌って歌う感謝の歌だ！！！/水無世燐央【アップロー/ホロスターズ/#燐央顕現中】,sing
05/07,大神ミオ,18:01,【歌枠】久しぶり・・！リハビリ歌枠〜〜【ホロライブ/大神ミオ】,sing
05/07,Zeta,20:00,【KARAOKE】1 MONTH CELEBRATION!!! Party time! Let's have fun!!!!【Vestia Zeta / Hololive ID】,sing
05/07,奏手イヅル,20:01,【弾き語り】気絶せずに歌う【奏手イヅル】,sing
05/07,律可,23:30,【弾き語り歌枠】ゆっくり寝るためのうた【律可/ホロスターズ】#りつすた,sing
05/07,Risu,23:31,Ayunda Risu -  Night Singing Parade with Risu Ayunda 【YouTube Music Weekend】,sing
05/08,赤井はあと,00:02,【歌枠】深夜のすやすや歌💤KARAOKE FOR SLEEP♪【ホロライブ/赤井はあと】,sing
05/08,Baelz,09:02,≪Vampire Survivors≫ can i successfully sing anything?,sing
05/08,Mumei,10:49,Nanashi Mumei Ch. hololive-EN Live Stream,live
05/08,猫又おかゆ,22:04,【歌枠】おひさし歌枠～～～～！ボカロ曲多めです🎶【猫又おかゆ/ホロライブ】,sing
05/09,角巻わため,00:31,【歌枠】第８２回！わためぇ Night Fever!!【角巻わため/ホロライブ４期生】,sing
05/09,アルランディス,20:00,【低音歌枠】とにかく低く低く歌う男【アルランディス/ホロスターズ】,sing
05/09,星街すいせい,20:02,【ショート歌枠】歌＋告知＋お知らせの三本です【ホロライブ / 星街すいせい 】,sing
05/09,桃鈴ねね,20:05,【 歌枠 】プレッシャーから解放されたねねの楽しい歌【 桃鈴ねね / ホロライブ / #桃鈴ねね生放送 】,sing
05/13,尾丸ポルカ,19:00,INTERNET OVERDOSE - 尾丸ポルカ(cover),cover
05/13,天音かなた,19:00,【プロセカ】トンデモワンダーズ　VTuberが歌って踊ってみた【ホロライブ】,sing
05/13,ロボ子さん,19:59,【ただいま】〇〇〇から復活なのだ！！歌ったりおシャベル！【ホロライブ/ #ロボ子生放送】,sing
05/13,風真いろは,21:02,【歌枠】週1歌枠🎤登録者53.6(ござる)万人ありがとうございますでござる✨【風真いろは/ホロライブ6期生】,sing
05/14,赤井はあと,00:01,【歌枠】絶対に寝かしつける配信。～永眠率99%～【ホロライブ/赤井はあと】,sing
05/14,奏手イヅル,12:00,【弾き語りアーカイブ】 土曜の夜歌う男【奏手イヅル】,sing
05/14,博衣こより,18:00,【耐久歌枠】60万人目指して歌います！ #こより60万人【博衣こより/ホロライブ】,sing
05/14,白銀ノエル,20:00,【歌枠】のんびり歌うのだッ！【白銀ノエル/ホロライブ】,sing
05/14,水無世燐央,21:15,【歌枠】弾けないギターと夜の歌/水無世燐央【アップロー/ホロスターズ/#燐央顕現中】,sing
05/14,アキロゼ,23:17,【歌枠/sing stream】土曜の夜にしっぽり歌【アキロゼ/ホロライブ】#Akirose,sing
05/14,不知火フレア,23:31,【晩酌歌】ポルカのお泊りチャレンジDay！🔥🎪【不知火フレア/ホロライブ】,sing
05/15,Fauna,07:00,【Original Song MV】 Let Me Stay Here - Ceres Fauna,cover
05/15,大神ミオ,18:01,【歌枠】うたう〜〜〜【ホロライブ/大神ミオ】,sing
05/15,紫咲シオン,20:00,酔いどれ知らず／Covered by紫咲シオン【歌ってみた】,cover
05/15,角巻わため,22:04,【歌枠】第８３回！わためぇ Night Fever!!【角巻わため/ホロライブ４期生】,sing
05/15,紫咲シオン,23:03,【雑談】久しぶりのお話！！歌ってみたあげたよっ【ホロライブ/紫咲シオン】,cover
05/17,天音かなた,22:00,テレキャスタービーボーイ(long ver.)／天音かなた(cover),cover
05/17,博衣こより,22:09,【オフコラボ】メルこよ初オフコラボで喋ったり歌ったり♡【夜空メル・博衣こより/ホロライブ】,sing
05/18,沙花叉クロヱ,20:00,偽物人間40号/沙花叉クロヱ(cover),cover
05/21,Kiara,01:59,【Q&amp;A and KARAOKE】Pavonashi TeeTee #kfp #pavolive,sing
05/21,IRyS,12:01,【KARAOKE】Let's sing baby,sing
05/21,白上フブキ,22:00,【歌枠】趣味曲と練習中のウクレレを練習する 【ホロライブ/白上フブキ】,sing
05/22,IRyS,10:00,【MV】Till the end of me / IRyS【Original Song】,cover
05/22,星街すいせい,20:00,幽霊東京/ 星街すいせい(cover),cover
05/22,常闇トワ,20:01,【歌枠】再：50万人耐久歌枠【常闇トワ】,sing
05/22,角巻わため,23:04,【歌枠】第８４回！わためぇ Night Fever!!【角巻わため/ホロライブ４期生】,sing
05/23,ロボ子さん,19:56,【 #ロボ子爆誕2022 】ボクのBirthday Live へようこそ🎉【ホロライブ/ ロボ子さん】,live
05/23,夏色まつり,21:59,【歌枠】バラード縛り【ホロライブ/夏色まつり】,sing
05/23,桃鈴ねね,22:00,いにしえロマンティック / P丸様。 full covered by 桃鈴ねね 夜空メル,cover
05/23,Reine,22:01,"【ARCHIVED KARAOKE】Vacation, please don't end...!!!【Pavolia Reine/hololiveID 2nd gen】",unarchive
05/23,赤井はあと,22:01,【歌枠】ゴラァ！！！懐メロで満足できねえ奴いるぅ？いねえよなぁ！！【ホロライブ/はあちゃま】,sing05/25,常闇トワ,20:00,ダイアモンド クレバス / 常闇トワ×AZKi(cover),cover
05/25,ラプラス,20:58,【晩酌歌枠│singing】お誕生日だから楽しく歌って呑んで食べる！！#ラプラス・ダークネス生誕祭2022 【ラプラス・ダークネス/ホロライブ】,sing
05/26,アキロゼ,01:04,【歌枠/sing stream】まったり話すよほぼ雑談配信【アキロゼ/ホロライブ】#Akirose,sing
05/26,白銀ノエル,19:00,【歌枠】団長が疲れ果てた先に待っているもの【白銀ノエル/ホロライブ】,sing
05/26,ラプラス,21:00,ラプラス・ダークネス - 「合縁事変」 MV,cover
05/27,Ollie,16:29,【ACCOUSTIC KARAOKE &amp; CHITCHATS】BACK AGAIN!! LET'S CHILL~【HoloID 2ndGen】,sing
05/27,ときのそら,20:00,【歌ってみた】セカイはまだ始まってすらいない【ときのそら/cover】,cover
05/28,律可,19:59,【弾き語り歌枠】オリジナルMVアップされるまで歌う！【律可/ホロスターズ】#りつすた,sing
05/28,さくらみこ,20:58,【 #さくらみこ3D新衣装 】ゲストあり！3D新衣装お披露目LIVE / New outfit LIVE【ホロライブ/さくらみこ】,live
05/28,律可,21:00,水際エンドロール / 律可【オリジナルMV】,cover
05/29,湊あくあ,13:01,【歌枠】おひるのおうた！！KARAOKE Singing♪【湊あくあ/ホロライブ】,sing
05/29,沙花叉クロヱ,18:00,【singing】デビュー半年ありがとう！アカペラあり歌枠【沙花叉クロヱ/ホロライブ】,sing
05/29,大神ミオ,18:01,【歌枠】バラード多め！声だしてくー！【ホロライブ/大神ミオ】,sing
05/29,沙花叉クロヱ,19:00,フクロウさん / 沙花叉クロヱ(cover),cover
05/29,宝鐘マリン,19:59,【歌枠】～朗報～声帯結節がなくなっていた【ホロライブ/宝鐘マリン】,sing
05/29,ホロライブ,20:00,【MV】PANIGHT / NEGI☆U【湊あくあ・大空スバル・桃鈴ねね】,cover
05/29,岸堂天真,20:01,【歌枠】ゴールデンな時間にやる歌枠とかいつぶりだ？【岸堂天真/ホロスターズ】,sing
05/29,夏色まつり,21:09,【歌枠】おうたやさん開店！/Singing KARAOKE【ホロライブ/夏色まつり】,sing
05/29,角巻わため,22:02,【歌枠】第８５回！わためぇ Night Fever!!【角巻わため/ホロライブ４期生】,sing
05/30,鷹嶺ルイ,19:00,夜撫でるメノウ / 鷹嶺ルイ(cover),cover
05/30,奏手イヅル,19:00,【弾き語りアーカイブ】ゆったり歌枠【奏手イヅル/ホロスターズ】,sing
05/31,水無世燐央,23:10,【歌枠】ありがとうと決意の歌/水無世燐央【アップロー/ホロスターズ】,sing
06/02,Reine,01:01,【SURPRISE KARAOKE】🎤 VOCALOID songs for maybe 1 hour 🎤【Pavolia Reine/hololiveID 2nd gen】,sing
06/02,アキロゼ,12:26,【LIVE映像】ホロライブ1期生みんなで『 plasmagic seasons!』,live06/03,尾丸ポルカ,06:00,【歌枠】ASAKARAOKE no KEI [ 朝からカラオケの刑 ]～feat.本当にすまないとおもっている～【尾丸ポルカ/ホロライブ】,sing
06/03,アキロゼ,12:45,【3DLIVE映像】『ROSE of the LAMP』歌って踊ってみた！【Aki Rosenthal】,sing
06/03,ホロライブ,17:00,【MV】PANIGHT / NEGI☆U【湊あくあ・大空スバル・桃鈴ねね】,cover
06/03,天音かなた,19:00,【企画】まつり先輩の歌を1時間で生補正・生MIXチャレンジ！！！！【天音かなた/ホロライブ】,sing
06/03,ラプラス,21:30,【歌枠│singing】上手に歌えたらアーカイブ残す歌【ラプラス・ダークネス/ホロライブ】,sing
06/03,紫咲シオン,23:02,【歌枠】お話とお歌の時間ですよ～～！！【ホロライブ/紫咲シオン】,sing
06/04,アキロゼ,14:11,【3D LIVE映像】OP ACT ーAKIROSE WORLDー【アキ・ローゼンタール/ホロライブ】,live
06/04,アキロゼ,17:00,【3D LIVE映像】Here   TVアニメ「魔法使いの嫁」OP曲【アキ・ローゼンタール/ホロライブ】,live
06/04,アキロゼ,18:00,【3D LIVE映像】幸せになれる隠しコマンドがあるらしい【戌神ころね×アキ・ローゼンタール/ホロライブ】,live
06/04,アキロゼ,19:00,【3D LIVE映像】フォニィphonyー雨の街で歌ってみたー【猫又おかゆ×アキ・ローゼンタール】,cover
06/04,アキロゼ,20:00,【3D LIVE映像】色彩のブルース-雨の街で気分よく歌って踊ってみた-【アキ・ローゼンタール/ホロライブ】,sing
06/04,角巻わため,21:00,【歌枠】告知あるよおお！楽しく歌うよおおおお！！！【角巻わため/ホロライブ４期生】,sing
06/06,天音かなた,18:00,【囁き声で】贖罪／天音かなた(cover),cover
06/06,角巻わため,19:59,【#角巻わため超絶生誕祭2022】角巻わため Special Hyper Birthday 3DLive！🎉【角巻わため/ホロライブ４期生】,live
06/06,紫咲シオン,20:00,アイデンティティ／Covered by紫咲シオン＆星川サラ【歌ってみた】,cover
06/06,白銀ノエル,21:00,【歌枠】だんちょの歌で梅雨をふっとばせぇ～～～～☔(不可能に近い！？)【白銀ノエル/ホロライブ】,sing
06/06,夏色まつり,22:58,【歌枠】Singing KARAOKE♪【ホロライブ/夏色まつり】,sing
06/06,アステル・レダ,23:00,【歌ってみた】僕は今日も / アステル,cover
06/07,Zeta,15:00,This is peak nostalgia!【The Witch's House MV】+ Ending,cover
06/07,夜空メル,19:00,「ダーリンダンス」歌ってみた / 夜空メル(cover),cover
06/07,律可,19:59,#21【RiTunes Labo】生セッション歌枠：ゲスト『トゥライ』【律可/ホロスターズ 】#りちゅらぼ,sing
06/07,沙花叉クロヱ,20:03,【singing】重大告知あり！歌枠 in スタジオ【沙花叉クロヱ/ホロライブ】,sing
06/07,大神ミオ,22:01,【１００万人耐久】一緒に迎えたい、１００万人！！！！【歌枠】,sing
06/10,水無世燐央,02:41,【歌枠】夜と幽霊と初心者ギター/水無世燐央【アップロー/ホロスターズ】,sing
06/10,Calli,05:19,"【KARAOKE COLLAB】Calli and Kiara, Singing Live FOR Y'ALL.",sing
06/10,Kiara,08:47,Takanashi Kiara PERFORMS 「Renai Circulation」 Live @Dokomi 2022,live
06/10,鷹嶺ルイ,18:00,【Sing】想いを込めて歌うよ！！／KARAOKE【鷹嶺ルイ/ホロライブ】,sing
06/10,湊あくあ,20:00,【歌ってみた】ぎゅっと。 / 湊あくあ cover,cover
06/10,博衣こより,20:00,【Singing】重大告知アリ！！ホロメンプロデュース歌枠🎤🎶【博衣こより/ホロライブ】,sing
06/10,Baelz,23:02,≪MIDNIGHT KARAOKE≫ jammin and vibin~,sing
06/11,Sana,12:00,【Original Song MV】Astrogirl,cover
06/12,Ollie,17:29,【DONATION READING + KARAOKE】10Q SO MUCH!! 【Hololive ID 2nd Generation】,sing
06/12,赤井はあと,18:03,【歌枠】ワクチン接種からの帰還！【ホロライブ/はあちゃま】,sing
06/12,夏色まつり,18:58,【歌枠】バラード / Ballad only KARAOKE【ホロライブ/夏色まつり】,sing
06/12,Ollie,19:09,【DONATION READING + KARAOKE】TDs ARE THE WORST BUT ANYWAYS CONTINUING!!【Hololive ID 2nd Generation】,sing
06/13,博衣こより,19:00,【歌枠】しっとりバラード多めの歌枠！Singing♪【博衣こより/ホロライブ】,sing
06/13,沙花叉クロヱ,21:30,キメラ / 沙花叉クロヱ(cover),cover
06/13,さくらみこ,22:02,【 GTAV 企画 】１曲歌い終わるまで視聴者から逃げ切れ・・・【ホロライブ/さくらみこ】,sing
06/14,鷹嶺ルイ,19:59,【重大告知あり！】これが成長した歌。私の歌。／KARAOKE（have BIG announcement）【鷹嶺ルイ/ホロライブ】,sing
06/14,紫咲シオン,20:00,白金ディスコ／Covered by紫咲シオン＆Gawr Gura【歌ってみた】,cover
06/15,Kiara,05:45,Takanashi Kiara PERFORMS 「VIVA HAPPY」 Live @Dokomi 2022,live
06/15,不知火フレア,22:00,【歌枠】お久歌枠じゃん！？-karaoke-【不知火フレア/ホロライブ】,sing
06/16,ラプラス,08:58,【歌枠│singing】オハヨ～！朝からお歌！リクエストお願いします！【ラプラス・ダークネス/ホロライブ】,sing
06/16,尾丸ポルカ,19:00,Empress - 尾丸ポルカ(cover),cover
06/16,天音かなた,19:00,【企画】こよりの歌を40分で生補正・生MIXチャレンジ！！！！【天音かなた/ホロライブ】,sing
06/16,博衣こより,19:58,【#博衣こより3D】歌います！踊ります！体を張ります！アイドルです！！！【ホロライブ】,sing
06/16,AZKi,23:00,【歌枠】突然、歌います。Singing Stream【ホロライブ / AZKi】,sing
06/17,Gura,09:00,【UNARCHIVED】4 MILLION Celebration singing!,unarchive
06/17,天音かなた,19:00,Drain／天音かなた(cover),cover
06/17,博衣こより,19:00,【Singing】ホロライブ曲歌枠🎤～3Dお披露目記念🎶～【博衣こより/ホロライブ】,sing
06/17,風真いろは,23:00,【カウントダウン】お誕生日までもう少し！カウントダウン歌枠でござる🎤【風真いろは/ホロライブ6期生】,sing
06/18,律可,21:07,【弾き語り歌枠】21万人見届ける！！！！！【律可/ホロスターズ】#りつすた,sing
06/18,白上フブキ,22:00,【歌枠】ド　趣　味　歌　枠　が　来　た【ホロライブ/白上フブキ】,sing
06/18,角巻わため,22:01,【歌枠】第８６回！わためぇ Night Fever!!【角巻わため/ホロライブ４期生】,sing
06/20,Kiara,06:00,Takanashi Kiara PERFORMS 「Heart Challenger」 Live @Dokomi 2022,live
06/20,夏色まつり,19:59,【歌枠】好きなアニソン歌う屋さん～/Singing KARAOKE【ホロライブ/夏色まつり】,sing
06/21,ときのそら,21:03,【歌枠】ドレスで好きな曲歌おうかな配信【#ときのそら生放送】,sing
06/21,鷹嶺ルイ,21:15,キミソラキセキ / 鷹嶺ルイ(cover),cover
06/21,ラプラス,21:28,【歌枠│SINGING】お久しぶり声出し！！！！！【ラプラス・ダークネス/ホロライブ】,sing
06/22,赤井はあと,18:02,【ゲリラ歌枠】はちゃめちゃにうたうぞおおお！【ホロライブ/はあちゃま】,sing
06/22,桃鈴ねね,19:00,サラマンダー / DECO*27 full covered by 桃鈴ねね,cover
06/22,ラプラス,20:30,濁雨 / ラプラス・ダークネス cover,cover
06/22,水無世燐央,22:18,【歌枠】雨を好きになりたいあなたへ/水無世燐央【アップロー/ホロスターズ】,sing
06/23,羽継烏有,19:00,【 歌ってみた 】フラジール / ぬゆり【 covered by 羽継烏有 】,cover
06/24,不知火フレア,19:00,「さくらんぼキッス～爆発だも～ん～」不知火フレア×KOTOKO（Cover）【歌ってみた】,cover
06/25,Kobo,17:00,Kobo Kanaeru - Tondemo Wonders (Cover),cover
06/25,白上フブキ,20:00,KINGWORLD/白上フブキ(Original),live
06/25,白銀ノエル,22:05,【original】リリカルMonster【白銀ノエル/ホロライブ】,live
06/26,紫咲シオン,00:04,【歌枠】おうたを歌います！！深夜のKARAOKE♪【ホロライブ/紫咲シオン】,sing
06/26,白上フブキ,22:15,進め↑BAKATARATION/バカタレ共(original),live
06/26,角巻わため,23:00,【歌枠】第８７回！わためぇ Night Fever!!【角巻わため/ホロライブ４期生】,sing
06/27,ホロスターズ,00:00,【オリジナル楽曲MV】Find It【ホロスターズ】,cover
06/27,Calli,12:03,【NEW SONG PARTY】I'm Trapped in the Closet.,sing
06/27,Calli,13:00,[ORIGINAL SONG] Holy嫉妬 - Mori Calliope,live
06/27,博衣こより,19:04,【歌枠】ぷちお披露目アリ！Let's Singing🎶【博衣こより/ホロライブ】,sing
06/28,律可,20:00,絶望さん / めいちゃん『covered by 律可』歌ってみた,cover
06/29,沙花叉クロヱ,18:01,【singing】アカペラ多め歌枠！【沙花叉クロヱ/ホロライブ】,sing
06/29,ときのそら,18:30,【cover】ボッカデラベリタ【歌ってみた/ときのそら】,cover
06/29,角巻わため,19:00,【Blu-ray発売記念！】1stソロライブ「わためぇ Night Fever!! in Zepp Tokyo」チラ見せMV🐏,cover
06/29,尾丸ポルカ,20:05,【歌枠/KARAOKE】ゆったりたっぷりの～んびり【尾丸ポルカ/ホロライブ】,sing
06/30,猫又おかゆ,21:02,【重大告知】歌枠✨僕史上初の発表です！！わ～～！！【猫又おかゆ/ホロライブ】,sing
06/30,桃鈴ねね,21:05,【 日清3DLIVE 】Palette/常闇トワ full covered by 桃鈴ねね【 ちらみせ  】,live
